{"is_source_file": false, "format": "", "description": "", "external_files": [], "external_methods": [], "published": [], "classes": [], "methods": [], "calls": [], "search-terms": [], "state": 2, "file_id": 11, "knowledge_revision": 26, "git_revision": "56146cd1f3b9bf9d5eca82a36290aa54c7f66dc2", "hash": "d1f83b7aea0f420023894b30be2711da", "format-version": 4, "code-base-name": "dt3_website_frontend", "filename": "dt3_website_frontend/package.json", "revision_history": [{"26": "56146cd1f3b9bf9d5eca82a36290aa54c7f66dc2"}]}