{"is_source_file": true, "file_id": 15, "git_revision": "", "state": 1, "description": "", "external_files": [], "external_methods": [], "published": [], "classes": [], "methods": [], "calls": [], "search-terms": [], "ctags": [{"_type": "tag", "name": "Home", "path": "/home/kavia/workspace/code-generation/dt3-interactive-experience-43282-43291/dt3_website_frontend/src/pages/Home.js", "pattern": "/^export default function Home() {$/", "language": "JavaScript", "kind": "function", "signature": "()"}], "format": "JavaScript", "hash": "27ac3bc70786ce319fb1cb0149e9d42e", "format-version": 4, "code-base-name": "dt3_website_frontend", "filename": "dt3_website_frontend/src/pages/Home.js", "knowledge_revision": 29}