{"is_source_file": true, "format": "JavaScript", "description": "This file defines theme configuration objects, including color scheme and design tokens, for styling purposes in a frontend project.", "external_files": [], "external_methods": [], "published": ["styleThemeData", "tokens"], "classes": [], "methods": [], "calls": [], "search-terms": ["styleThemeData", "tokens", "theme configuration", "CSS variables", "design tokens"], "state": 2, "file_id": 13, "knowledge_revision": 38, "git_revision": "e5339313e0e55357c23419545d217320004ec617", "ctags": [{"_type": "tag", "name": "background", "path": "/home/kavia/workspace/code-generation/dt3-interactive-experience-43282-43291/dt3_website_frontend/src/theme.js", "pattern": "/^  background: \"#FDF2F8\",$/", "language": "JavaScript", "kind": "property", "scope": "styleThemeData", "scopeKind": "class"}, {"_type": "tag", "name": "description", "path": "/home/kavia/workspace/code-generation/dt3-interactive-experience-43282-43291/dt3_website_frontend/src/theme.js", "pattern": "/^  description: \"Custom user-defined colors\",$/", "language": "JavaScript", "kind": "property", "scope": "styleThemeData", "scopeKind": "class"}, {"_type": "tag", "name": "error", "path": "/home/kavia/workspace/code-generation/dt3-interactive-experience-43282-43291/dt3_website_frontend/src/theme.js", "pattern": "/^  error: \"#42f09f\",$/", "language": "JavaScript", "kind": "property", "scope": "styleThemeData", "scopeKind": "class"}, {"_type": "tag", "name": "gradient", "path": "/home/kavia/workspace/code-generation/dt3-interactive-experience-43282-43291/dt3_website_frontend/src/theme.js", "pattern": "/^  gradient: \"from-rose-50 to-purple-50\",$/", "language": "JavaScript", "kind": "property", "scope": "styleThemeData", "scopeKind": "class"}, {"_type": "tag", "name": "maxWidth", "path": "/home/kavia/workspace/code-generation/dt3-interactive-experience-43282-43291/dt3_website_frontend/src/theme.js", "pattern": "/^  maxWidth: \"1120px\",$/", "language": "JavaScript", "kind": "property", "scope": "tokens", "scopeKind": "class"}, {"_type": "tag", "name": "name", "path": "/home/kavia/workspace/code-generation/dt3-interactive-experience-43282-43291/dt3_website_frontend/src/theme.js", "pattern": "/^  name: \"Custom Theme\",$/", "language": "JavaScript", "kind": "property", "scope": "styleThemeData", "scopeKind": "class"}, {"_type": "tag", "name": "primary", "path": "/home/kavia/workspace/code-generation/dt3-interactive-experience-43282-43291/dt3_website_frontend/src/theme.js", "pattern": "/^  primary: \"#79f471\",$/", "language": "JavaScript", "kind": "property", "scope": "styleThemeData", "scopeKind": "class"}, {"_type": "tag", "name": "radiusLg", "path": "/home/kavia/workspace/code-generation/dt3-interactive-experience-43282-43291/dt3_website_frontend/src/theme.js", "pattern": "/^  radiusLg: \"24px\",$/", "language": "JavaScript", "kind": "property", "scope": "tokens", "scopeKind": "class"}, {"_type": "tag", "name": "radiusMd", "path": "/home/kavia/workspace/code-generation/dt3-interactive-experience-43282-43291/dt3_website_frontend/src/theme.js", "pattern": "/^  radiusMd: \"16px\",$/", "language": "JavaScript", "kind": "property", "scope": "tokens", "scopeKind": "class"}, {"_type": "tag", "name": "radiusSm", "path": "/home/kavia/workspace/code-generation/dt3-interactive-experience-43282-43291/dt3_website_frontend/src/theme.js", "pattern": "/^  radiusSm: \"10px\",$/", "language": "JavaScript", "kind": "property", "scope": "tokens", "scopeKind": "class"}, {"_type": "tag", "name": "secondary", "path": "/home/kavia/workspace/code-generation/dt3-interactive-experience-43282-43291/dt3_website_frontend/src/theme.js", "pattern": "/^  secondary: \"#F59E0B\",$/", "language": "JavaScript", "kind": "property", "scope": "styleThemeData", "scopeKind": "class"}, {"_type": "tag", "name": "shadowMd", "path": "/home/kavia/workspace/code-generation/dt3-interactive-experience-43282-43291/dt3_website_frontend/src/theme.js", "pattern": "/^  shadowMd: \"0 10px 30px rgba(17, 24, 39, 0.10)\",$/", "language": "JavaScript", "kind": "property", "scope": "tokens", "scopeKind": "class"}, {"_type": "tag", "name": "shadowSm", "path": "/home/kavia/workspace/code-generation/dt3-interactive-experience-43282-43291/dt3_website_frontend/src/theme.js", "pattern": "/^  shadowSm: \"0 6px 18px rgba(17, 24, 39, 0.08)\",$/", "language": "JavaScript", "kind": "property", "scope": "tokens", "scopeKind": "class"}, {"_type": "tag", "name": "styleThemeData", "path": "/home/kavia/workspace/code-generation/dt3-interactive-experience-43282-43291/dt3_website_frontend/src/theme.js", "pattern": "/^export const styleThemeData = {$/", "language": "JavaScript", "kind": "class"}, {"_type": "tag", "name": "success", "path": "/home/kavia/workspace/code-generation/dt3-interactive-experience-43282-43291/dt3_website_frontend/src/theme.js", "pattern": "/^  success: \"#F59E0B\",$/", "language": "JavaScript", "kind": "property", "scope": "styleThemeData", "scopeKind": "class"}, {"_type": "tag", "name": "surface", "path": "/home/kavia/workspace/code-generation/dt3-interactive-experience-43282-43291/dt3_website_frontend/src/theme.js", "pattern": "/^  surface: \"#FFFFFF\",$/", "language": "JavaScript", "kind": "property", "scope": "styleThemeData", "scopeKind": "class"}, {"_type": "tag", "name": "text", "path": "/home/kavia/workspace/code-generation/dt3-interactive-experience-43282-43291/dt3_website_frontend/src/theme.js", "pattern": "/^  text: \"#374151\",$/", "language": "JavaScript", "kind": "property", "scope": "styleThemeData", "scopeKind": "class"}, {"_type": "tag", "name": "tokens", "path": "/home/kavia/workspace/code-generation/dt3-interactive-experience-43282-43291/dt3_website_frontend/src/theme.js", "pattern": "/^export const tokens = {$/", "language": "JavaScript", "kind": "class"}], "hash": "ae5e5a7fc950b4ad530e76e5eb9111f5", "format-version": 4, "code-base-name": "dt3_website_frontend", "filename": "dt3_website_frontend/src/theme.js", "fields": [{"name": "background: \"#FDF2F8\",", "scope": "styleThemeData", "scopeKind": "class", "description": "unavailable"}, {"name": "description: \"Custom user-defined colors\",", "scope": "styleThemeData", "scopeKind": "class", "description": "unavailable"}, {"name": "error: \"#42f09f\",", "scope": "styleThemeData", "scopeKind": "class", "description": "unavailable"}, {"name": "gradient: \"from-rose-50 to-purple-50\",", "scope": "styleThemeData", "scopeKind": "class", "description": "unavailable"}, {"name": "maxWidth: \"1120px\",", "scope": "tokens", "scopeKind": "class", "description": "unavailable"}, {"name": "name: \"Custom Theme\",", "scope": "styleThemeData", "scopeKind": "class", "description": "unavailable"}, {"name": "primary: \"#79f471\",", "scope": "styleThemeData", "scopeKind": "class", "description": "unavailable"}, {"name": "radiusLg: \"24px\",", "scope": "tokens", "scopeKind": "class", "description": "unavailable"}, {"name": "radiusMd: \"16px\",", "scope": "tokens", "scopeKind": "class", "description": "unavailable"}, {"name": "radiusSm: \"10px\",", "scope": "tokens", "scopeKind": "class", "description": "unavailable"}, {"name": "secondary: \"#F59E0B\",", "scope": "styleThemeData", "scopeKind": "class", "description": "unavailable"}, {"name": "shadowMd: \"0 10px 30px rgba(17, 24, 39, 0.10)\",", "scope": "tokens", "scopeKind": "class", "description": "unavailable"}, {"name": "shadowSm: \"0 6px 18px rgba(17, 24, 39, 0.08)\",", "scope": "tokens", "scopeKind": "class", "description": "unavailable"}, {"name": "success: \"#F59E0B\",", "scope": "styleThemeData", "scopeKind": "class", "description": "unavailable"}, {"name": "surface: \"#FFFFFF\",", "scope": "styleThemeData", "scopeKind": "class", "description": "unavailable"}, {"name": "text: \"#374151\",", "scope": "styleThemeData", "scopeKind": "class", "description": "unavailable"}], "revision_history": [{"38": "e5339313e0e55357c23419545d217320004ec617"}]}