{"is_source_file": false, "format": "", "description": "", "external_files": [], "external_methods": [], "published": [], "classes": [], "methods": [], "calls": [], "search-terms": [], "state": 2, "file_id": 4, "knowledge_revision": 37, "git_revision": "e5339313e0e55357c23419545d217320004ec617", "hash": "971b6fdd0bbbd5f47e34c0d80905a231", "format-version": 4, "code-base-name": "dt3_website_frontend", "filename": "dt3_website_frontend/README.md", "revision_history": [{"37": "e5339313e0e55357c23419545d217320004ec617"}]}