{"is_source_file": true, "file_id": 14, "git_revision": "", "state": 1, "description": "", "external_files": [], "external_methods": [], "published": [], "classes": [], "methods": [], "calls": [], "search-terms": [], "ctags": [{"_type": "tag", "name": "Layout", "path": "/home/kavia/workspace/code-generation/dt3-interactive-experience-43282-43291/dt3_website_frontend/src/components/Layout.js", "pattern": "/^export default function Layout() {$/", "language": "JavaScript", "kind": "function", "signature": "()"}], "format": "JavaScript", "hash": "2fc799aa29a71ab9154b6ecef37b3a34", "format-version": 4, "code-base-name": "dt3_website_frontend", "filename": "dt3_website_frontend/src/components/Layout.js", "knowledge_revision": 28}