{"is_source_file": true, "format": "JavaScript (React component)", "description": "This file defines a React functional component called Layout, which provides the shared page layout structure for the DT3 website, including header, navigation, main content outlet, and footer.", "external_files": ["react", "react-router-dom"], "external_methods": ["React", "NavLink", "Outlet"], "published": ["default export: Layout"], "classes": [], "methods": [{"name": "Layout()", "description": "A React functional component that renders the website's common layout with header, footer, and main content.", "scope": "", "scopeKind": ""}], "calls": ["React", "React.createElement", "NavLink", "Outlet", "new Date().getFullYear()"], "search-terms": ["Layout", "react-router-dom NavLink", "Outlet", "siteHeader", "skipLink", "footer", "main content"], "state": 2, "file_id": 14, "knowledge_revision": 39, "git_revision": "e5339313e0e55357c23419545d217320004ec617", "ctags": [{"_type": "tag", "name": "Layout", "path": "/home/kavia/workspace/code-generation/dt3-interactive-experience-43282-43291/dt3_website_frontend/src/components/Layout.js", "pattern": "/^export default function Layout() {$/", "language": "JavaScript", "kind": "function", "signature": "()"}], "hash": "2fc799aa29a71ab9154b6ecef37b3a34", "format-version": 4, "code-base-name": "dt3_website_frontend", "filename": "dt3_website_frontend/src/components/Layout.js", "revision_history": [{"39": "e5339313e0e55357c23419545d217320004ec617"}]}