{"is_source_file": false, "format": "", "description": "", "external_files": [], "external_methods": [], "published": [], "classes": [], "methods": [], "calls": [], "search-terms": [], "state": 2, "file_id": 5, "knowledge_revision": 34, "git_revision": "56146cd1f3b9bf9d5eca82a36290aa54c7f66dc2", "hash": "75945228f61b5123d53af1de5206ca82", "format-version": 4, "code-base-name": "dt3_website_frontend", "filename": "dt3_website_frontend/src/index.css", "revision_history": [{"34": "56146cd1f3b9bf9d5eca82a36290aa54c7f66dc2"}]}