{"is_source_file": false, "format": "", "description": "", "external_files": [], "external_methods": [], "published": [], "classes": [], "methods": [], "calls": [], "search-terms": [], "state": 2, "file_id": 3, "knowledge_revision": 14, "git_revision": "56146cd1f3b9bf9d5eca82a36290aa54c7f66dc2", "hash": "d2b40d02d5f7873d8a6713bad837edd4", "format-version": 4, "code-base-name": "dt3_website_frontend", "filename": "dt3_website_frontend/public/index.html", "revision_history": [{"14": "56146cd1f3b9bf9d5eca82a36290aa54c7f66dc2"}]}