{"is_source_file": false, "format": "", "description": "", "external_files": [], "external_methods": [], "published": [], "classes": [], "methods": [], "calls": [], "search-terms": [], "state": 2, "file_id": 2, "knowledge_revision": 17, "git_revision": "56146cd1f3b9bf9d5eca82a36290aa54c7f66dc2", "hash": "d9d975cebe2ec20b6c652e1e4c12ccf0", "format-version": 4, "code-base-name": "dt3_website_frontend", "filename": "dt3_website_frontend/public/manifest.json", "revision_history": [{"17": "56146cd1f3b9bf9d5eca82a36290aa54c7f66dc2"}]}