{"is_source_file": true, "format": "JavaScript (React JSX)", "description": "React component defining the About page for the DT3 marketing website with static content.", "external_files": [], "external_methods": [], "published": ["About"], "classes": [], "methods": [{"name": "About()", "description": "React functional component rendering the About page content.", "scope": "", "scopeKind": ""}], "calls": [], "search-terms": ["About.js", "React", "About page", "DT3 marketing website", "functional component", "static content"], "state": 2, "file_id": 16, "knowledge_revision": 41, "git_revision": "e5339313e0e55357c23419545d217320004ec617", "ctags": [{"_type": "tag", "name": "About", "path": "/home/kavia/workspace/code-generation/dt3-interactive-experience-43282-43291/dt3_website_frontend/src/pages/About.js", "pattern": "/^export default function About() {$/", "language": "JavaScript", "kind": "function", "signature": "()"}], "hash": "8ef1a5892a6a48b76128c592cbc80fc1", "format-version": 4, "code-base-name": "dt3_website_frontend", "filename": "dt3_website_frontend/src/pages/About.js", "revision_history": [{"41": "e5339313e0e55357c23419545d217320004ec617"}]}