{"is_source_file": true, "format": "JavaScript (React JSX)", "description": "This is the main entry point for a React web application, initializing the app by rendering the root component within a StrictMode and BrowserRouter.", "external_files": ["./index.css", "./App"], "external_methods": ["ReactDOM.createRoot", "ReactDOM.createRoot().render", "React.StrictMode", "BrowserRouter", "App"], "published": [], "classes": [], "methods": [{"name": "ReactDOM.createRoot", "description": "Creates a root for rendering React components into the DOM."}, {"name": "root.render", "description": "Renders the React application inside the specified DOM element."}], "calls": ["ReactDOM.createRoot", "root.render", "React.StrictMode", "BrowserRouter", "App"], "search-terms": ["React", "ReactDOM", "index.js", "entry point", "ReactRouter", "root rendering"], "state": 2, "file_id": 9, "knowledge_revision": 33, "git_revision": "56146cd1f3b9bf9d5eca82a36290aa54c7f66dc2", "revision_history": [{"24": "56146cd1f3b9bf9d5eca82a36290aa54c7f66dc2"}, {"33": "56146cd1f3b9bf9d5eca82a36290aa54c7f66dc2"}], "ctags": [{"_type": "tag", "name": "root", "path": "/home/kavia/workspace/code-generation/dt3-interactive-experience-43282-43291/dt3_website_frontend/src/index.js", "pattern": "/^const root = ReactDOM.createRoot(document.getElementById(\"root\"));$/", "language": "JavaScript", "kind": "constant"}], "hash": "cdf2a45db864983860baaaa16173e219", "format-version": 4, "code-base-name": "dt3_website_frontend", "filename": "dt3_website_frontend/src/index.js"}