{"is_source_file": true, "format": "JavaScript (React JSX)", "description": "This file defines the main App component for a React application, setting up client-side routing with react-router-dom, including layout and page components.", "external_files": ["react", "react-router-dom", "./components/Layout", "./pages/Home", "./pages/About", "./pages/Contact", "./App.css"], "external_methods": ["React", "Navigate", "Route", "Routes"], "published": ["App"], "classes": [], "methods": [{"name": "App()", "description": "Main React functional component configuring routing and layout for the application.", "scope": "", "scopeKind": ""}], "calls": ["React.createElement", "Navigate", "Route", "Routes", "Layout", "Home", "About", "Contact"], "search-terms": ["React", "react-router-dom", "Routing", "Layout", "Main component", "client-side routing", "JSX"], "state": 2, "file_id": 7, "knowledge_revision": 32, "git_revision": "56146cd1f3b9bf9d5eca82a36290aa54c7f66dc2", "revision_history": [{"25": "56146cd1f3b9bf9d5eca82a36290aa54c7f66dc2"}, {"32": "56146cd1f3b9bf9d5eca82a36290aa54c7f66dc2"}], "ctags": [{"_type": "tag", "name": "App", "path": "/home/kavia/workspace/code-generation/dt3-interactive-experience-43282-43291/dt3_website_frontend/src/App.js", "pattern": "/^function App() {$/", "language": "JavaScript", "kind": "function", "signature": "()"}], "hash": "4fba8f26bfcf8877934dfa4205dad89f", "format-version": 4, "code-base-name": "dt3_website_frontend", "filename": "dt3_website_frontend/src/App.js"}