{"is_source_file": false, "format": "", "description": "", "external_files": [], "external_methods": [], "published": [], "classes": [], "methods": [], "calls": [], "search-terms": ["App.css", "CSS styles", "layout styles", "component styles", "theme styles", "responsive design", "var(--dt3-surface)", "var(--dt3-border)", "dark mode", "CSS variables"], "state": 2, "file_id": 8, "knowledge_revision": 35, "git_revision": "56146cd1f3b9bf9d5eca82a36290aa54c7f66dc2", "hash": "d98812e174269addd90e720c015d03cb", "format-version": 4, "code-base-name": "dt3_website_frontend", "filename": "dt3_website_frontend/src/App.css", "revision_history": [{"35": "56146cd1f3b9bf9d5eca82a36290aa54c7f66dc2"}]}