{"is_source_file": true, "file_id": 16, "git_revision": "", "state": 1, "description": "", "external_files": [], "external_methods": [], "published": [], "classes": [], "methods": [], "calls": [], "search-terms": [], "ctags": [{"_type": "tag", "name": "About", "path": "/home/kavia/workspace/code-generation/dt3-interactive-experience-43282-43291/dt3_website_frontend/src/pages/About.js", "pattern": "/^export default function About() {$/", "language": "JavaScript", "kind": "function", "signature": "()"}], "format": "JavaScript", "hash": "8ef1a5892a6a48b76128c592cbc80fc1", "format-version": 4, "code-base-name": "dt3_website_frontend", "filename": "dt3_website_frontend/src/pages/About.js", "knowledge_revision": 30}