{"is_source_file": true, "format": "JavaScript (ES Module, .mjs)", "description": "ESLint configuration file for a JavaScript project, setting parser options, globals, and rules including React plugin configuration.", "external_files": ["@eslint/js", "eslint-plugin-react"], "external_methods": [], "published": [], "classes": [], "methods": [], "calls": ["pluginJs", "pluginReact"], "search-terms": ["eslint.config.mjs", "ESLint", "parserOptions", "globals", "rules", "react-plugin"], "state": 2, "file_id": 1, "knowledge_revision": 19, "git_revision": "56146cd1f3b9bf9d5eca82a36290aa54c7f66dc2", "hash": "be6538e7523bc2e9da0743133d784136", "format-version": 4, "code-base-name": "dt3_website_frontend", "filename": "dt3_website_frontend/eslint.config.mjs", "revision_history": [{"19": "56146cd1f3b9bf9d5eca82a36290aa54c7f66dc2"}]}