{"is_source_file": false, "format": "", "description": "", "external_files": [], "external_methods": [], "published": [], "classes": [], "methods": [], "calls": [], "search-terms": [], "state": 2, "file_id": 10, "knowledge_revision": 21, "git_revision": "56146cd1f3b9bf9d5eca82a36290aa54c7f66dc2", "ctags": [], "hash": "1a77571e1a8cf36018a41bcedf60db75", "format-version": 4, "code-base-name": "dt3_website_frontend", "filename": "dt3_website_frontend/src/setupTests.js", "revision_history": [{"21": "56146cd1f3b9bf9d5eca82a36290aa54c7f66dc2"}]}