{"is_source_file": true, "format": "JavaScript (React JSX)", "description": "This file defines the Home page component for the DT3 marketing website, including visual elements, layout, and navigation links.", "external_files": ["react", "react-router-dom"], "external_methods": ["Link"], "published": ["default export: Home component"], "classes": [], "methods": [{"name": "Home()", "description": "Functional React component rendering the homepage with hero section, features, and navigation links.", "scope": "", "scopeKind": ""}], "calls": ["React", "Link"], "search-terms": ["Home.js", "React component", "react-router-dom", "Marketing website homepage", "Hero section", "Navigation links", "React JSX"], "state": 2, "file_id": 15, "knowledge_revision": 40, "git_revision": "e5339313e0e55357c23419545d217320004ec617", "ctags": [{"_type": "tag", "name": "Home", "path": "/home/kavia/workspace/code-generation/dt3-interactive-experience-43282-43291/dt3_website_frontend/src/pages/Home.js", "pattern": "/^export default function Home() {$/", "language": "JavaScript", "kind": "function", "signature": "()"}], "hash": "27ac3bc70786ce319fb1cb0149e9d42e", "format-version": 4, "code-base-name": "dt3_website_frontend", "filename": "dt3_website_frontend/src/pages/Home.js", "revision_history": [{"40": "e5339313e0e55357c23419545d217320004ec617"}]}