{"is_source_file": true, "format": "JavaScript (JSX)", "description": "Source code for the Contact page component in a React application, handling form input, validation, submission to backend API, and fallback email contact method.", "external_files": ["react", "react-dom"], "external_methods": ["React.useMemo", "React.useState", "fetch"], "published": ["default"], "classes": [], "methods": [{"name": "getApiBase()", "description": "Retrieves the base URL for the backend API from environment variables, trimming trailing slashes.", "scope": "", "scopeKind": ""}, {"name": "Contact()", "description": "React functional component rendering the contact form with submission logic and fallback email link.", "scope": "", "scopeKind": ""}, {"name": "onSubmit(e)", "description": "Handles form submission, performs validation, sends data to backend API, and updates status accordingly.", "scope": "Contact", "scopeKind": "function"}], "calls": ["useMemo", "useState", "fetch", "JSON.stringify", "encodeURIComponent", "setForm", "setStatus"], "search-terms": ["React Contact form", "useMemo", "useState", "/contact API endpoint", "mailto fallback", "environment variables REACT_APP_API_BASE", "backend configuration", "form validation", "fetch POST request"], "state": 2, "file_id": 17, "knowledge_revision": 42, "git_revision": "e5339313e0e55357c23419545d217320004ec617", "ctags": [{"_type": "tag", "name": "6", "path": "/home/kavia/workspace/code-generation/dt3-interactive-experience-43282-43291/dt3_website_frontend/src/pages/Contact.js", "pattern": "/^                  rows={6}$/", "language": "JavaScript", "kind": "field", "scope": "Contact.rows", "scopeKind": "class"}, {"_type": "tag", "name": "Contact", "path": "/home/kavia/workspace/code-generation/dt3-interactive-experience-43282-43291/dt3_website_frontend/src/pages/Contact.js", "pattern": "/^export default function Contact() {$/", "language": "JavaScript", "kind": "function", "signature": "()"}, {"_type": "tag", "name": "canSubmit", "path": "/home/kavia/workspace/code-generation/dt3-interactive-experience-43282-43291/dt3_website_frontend/src/pages/Contact.js", "pattern": "/^                    canSubmit$/", "language": "JavaScript", "kind": "field", "scope": "Contact.title", "scopeKind": "class"}, {"_type": "tag", "name": "form", "path": "/home/kavia/workspace/code-generation/dt3-interactive-experience-43282-43291/dt3_website_frontend/src/pages/Contact.js", "pattern": "/^                  value={form.email}$/", "language": "JavaScript", "kind": "field", "scope": "Contact.value", "scopeKind": "class"}, {"_type": "tag", "name": "form", "path": "/home/kavia/workspace/code-generation/dt3-interactive-experience-43282-43291/dt3_website_frontend/src/pages/Contact.js", "pattern": "/^                  value={form.message}$/", "language": "JavaScript", "kind": "field", "scope": "Contact.value", "scopeKind": "class"}, {"_type": "tag", "name": "form", "path": "/home/kavia/workspace/code-generation/dt3-interactive-experience-43282-43291/dt3_website_frontend/src/pages/Contact.js", "pattern": "/^                  value={form.name}$/", "language": "JavaScript", "kind": "field", "scope": "Contact.value", "scopeKind": "class"}, {"_type": "tag", "name": "getApiBase", "path": "/home/kavia/workspace/code-generation/dt3-interactive-experience-43282-43291/dt3_website_frontend/src/pages/Contact.js", "pattern": "/^function getApiBase() {$/", "language": "JavaScript", "kind": "function", "signature": "()"}, {"_type": "tag", "name": "onSubmit", "path": "/home/kavia/workspace/code-generation/dt3-interactive-experience-43282-43291/dt3_website_frontend/src/pages/Contact.js", "pattern": "/^  async function onSubmit(e) {$/", "language": "JavaScript", "kind": "function", "signature": "(e)", "scope": "Contact", "scopeKind": "function"}], "hash": "2cea40b5fddf0a84884b7b52b40b927a", "format-version": 4, "code-base-name": "dt3_website_frontend", "filename": "dt3_website_frontend/src/pages/Contact.js", "fields": [{"name": "rows={6}", "scope": "Contact.rows", "scopeKind": "class", "description": "unavailable"}, {"name": "canSubmit", "scope": "Contact.title", "scopeKind": "class", "description": "unavailable"}, {"name": "value={form.email}", "scope": "Contact.value", "scopeKind": "class", "description": "unavailable"}, {"name": "value={form.message}", "scope": "Contact.value", "scopeKind": "class", "description": "unavailable"}, {"name": "value={form.name}", "scope": "Contact.value", "scopeKind": "class", "description": "unavailable"}], "revision_history": [{"42": "e5339313e0e55357c23419545d217320004ec617"}]}