{"is_source_file": false, "format": "", "description": "", "external_files": [], "external_methods": [], "published": [], "classes": [], "methods": [], "calls": [], "search-terms": [], "state": 2, "file_id": 4, "knowledge_revision": 16, "git_revision": "56146cd1f3b9bf9d5eca82a36290aa54c7f66dc2", "hash": "ebece526bc2eadd78ddd787a76c56607", "format-version": 4, "code-base-name": "dt3_website_frontend", "filename": "dt3_website_frontend/README.md", "revision_history": [{"16": "56146cd1f3b9bf9d5eca82a36290aa54c7f66dc2"}]}