{"is_source_file": true, "file_id": 17, "git_revision": "", "state": 1, "description": "", "external_files": [], "external_methods": [], "published": [], "classes": [], "methods": [], "calls": [], "search-terms": [], "ctags": [{"_type": "tag", "name": "6", "path": "/home/kavia/workspace/code-generation/dt3-interactive-experience-43282-43291/dt3_website_frontend/src/pages/Contact.js", "pattern": "/^                  rows={6}$/", "language": "JavaScript", "kind": "field", "scope": "Contact.rows", "scopeKind": "class"}, {"_type": "tag", "name": "Contact", "path": "/home/kavia/workspace/code-generation/dt3-interactive-experience-43282-43291/dt3_website_frontend/src/pages/Contact.js", "pattern": "/^export default function Contact() {$/", "language": "JavaScript", "kind": "function", "signature": "()"}, {"_type": "tag", "name": "canSubmit", "path": "/home/kavia/workspace/code-generation/dt3-interactive-experience-43282-43291/dt3_website_frontend/src/pages/Contact.js", "pattern": "/^                    canSubmit$/", "language": "JavaScript", "kind": "field", "scope": "Contact.title", "scopeKind": "class"}, {"_type": "tag", "name": "form", "path": "/home/kavia/workspace/code-generation/dt3-interactive-experience-43282-43291/dt3_website_frontend/src/pages/Contact.js", "pattern": "/^                  value={form.email}$/", "language": "JavaScript", "kind": "field", "scope": "Contact.value", "scopeKind": "class"}, {"_type": "tag", "name": "form", "path": "/home/kavia/workspace/code-generation/dt3-interactive-experience-43282-43291/dt3_website_frontend/src/pages/Contact.js", "pattern": "/^                  value={form.message}$/", "language": "JavaScript", "kind": "field", "scope": "Contact.value", "scopeKind": "class"}, {"_type": "tag", "name": "form", "path": "/home/kavia/workspace/code-generation/dt3-interactive-experience-43282-43291/dt3_website_frontend/src/pages/Contact.js", "pattern": "/^                  value={form.name}$/", "language": "JavaScript", "kind": "field", "scope": "Contact.value", "scopeKind": "class"}, {"_type": "tag", "name": "getApiBase", "path": "/home/kavia/workspace/code-generation/dt3-interactive-experience-43282-43291/dt3_website_frontend/src/pages/Contact.js", "pattern": "/^function getApiBase() {$/", "language": "JavaScript", "kind": "function", "signature": "()"}, {"_type": "tag", "name": "onSubmit", "path": "/home/kavia/workspace/code-generation/dt3-interactive-experience-43282-43291/dt3_website_frontend/src/pages/Contact.js", "pattern": "/^  async function onSubmit(e) {$/", "language": "JavaScript", "kind": "function", "signature": "(e)", "scope": "Contact", "scopeKind": "function"}], "format": "JavaScript", "hash": "2cea40b5fddf0a84884b7b52b40b927a", "format-version": 4, "code-base-name": "dt3_website_frontend", "filename": "dt3_website_frontend/src/pages/Contact.js", "knowledge_revision": 31}