{"is_source_file": false, "format": "", "description": "", "external_files": [], "external_methods": [], "published": [], "classes": [], "methods": [], "calls": [], "search-terms": [], "state": 2, "file_id": 12, "knowledge_revision": 22, "git_revision": "f79319718630c1732290f516de32772e3cabcdbb", "hash": "576f0b86b8ef182dbe7de1de472489d8", "format-version": 4, "code-base-name": "dt3_website_frontend", "filename": "README.md", "revision_history": [{"22": "f79319718630c1732290f516de32772e3cabcdbb"}]}